clique_id	n_regions	chromosome	span_bp	region_types	genes	min_pair_score	mean_pair_score	max_pair_p	max_pair_fdr	density	states	regions
C00001	4	chr11	617469	distal:2;proximal:2	CYB561A3;TMEM138;TMEM216	0.050387	0.106986	1.81533e-05	0.00213087	1.0	.	chr11:60775439-60775741;chr11:61149918-61150068;chr11:61361812-61362417;chr11:61392335-61392908
C00002	4	chr6	580793	distal:2;proximal:2	H1-2;H4C2	0.061231	0.240897	2.16688e-07	3.03448e-05	1.0	.	chr6:26026866-26027280;chr6:26056306-26056606;chr6:26555222-26555417;chr6:26607489-26607659
C00003	4	chr19	481411	distal:2;proximal:2	ENSG00000167807;FDX2;PIN1;PIN1-DT	0.048269	0.087106	3.9182e-05	0.00443932	1.0	.	chr19:10096052-10096531;chr19:10194414-10195208;chr19:10315946-10316112;chr19:9834701-9835581
C00004	4	chr11	391924	distal:1;proximal:3	ARAP1;ATG16L2;ENSG00000285693;STARD10	0.040581	0.105719	0.000493305	0.0483035	1.0	.	chr11:72793596-72794309;chr11:72813942-72814202;chr11:72814325-72814513;chr11:73185192-73185520
C00005	4	chr6	215433	distal:3;proximal:1	HCG11	0.044533	0.090839	0.000141156	0.0148622	1.0	.	chr6:26341504-26342121;chr6:26520770-26521327;chr6:26554059-26554270;chr6:26556501-26556937
C00006	4	chr7	412515	distal:3;proximal:1	ALKBH4;LRWD1	0.052458	0.091954	8.30384e-06	0.00100948	1.0	.	chr7:102278444-102278594;chr7:102464163-102464467;chr7:102618523-102618881;chr7:102690700-102690959
C00007	4	chr1	659749	distal:1;proximal:3	ATAD3B;B3GALT6;GNB1;GNB1-DT;SDF4	0.048821	0.135828	3.21576e-05	0.00368262	1.0	.	chr1:1231890-1232389;chr1:1471375-1471870;chr1:1758986-1759136;chr1:1890978-1891639
C00008	4	chr16	925767	distal:2;proximal:2	ENSG00000275263;MAPK3;SETD1A	0.06543	0.157192	3.12695e-08	4.65616e-06	1.0	.	chr16:30032284-30032529;chr16:30123181-30123544;chr16:30409482-30409719;chr16:30957832-30958051
C00009	4	chr17	657189	distal:3;proximal:1	ENSG00000266664	0.061627	0.080777	1.81517e-07	2.55941e-05	1.0	.	chr17:18569321-18569628;chr17:19088906-19089253;chr17:19149552-19149874;chr17:19226151-19226510
C00010	4	chr17	648448	distal:1;proximal:3	GALK1;GGA3;MRPS7;NT5C	0.044134	0.155861	0.000160907	0.0168171	1.0	.	chr17:75131671-75131984;chr17:75261291-75261761;chr17:75764626-75764816;chr17:75779658-75780119
C00011	4	chr17	677875	distal:3;proximal:1	ENSG00000266664	0.040718	0.068496	0.000473077	0.0464644	1.0	.	chr17:19088906-19089253;chr17:19149552-19149874;chr17:19226151-19226510;chr17:19766574-19766781
C00012	3	chr6	173745	distal:2;proximal:1	ECHDC1	0.067387	0.115964	1.21585e-08	1.86536e-06	1.0	.	chr6:127343186-127343686;chr6:127365359-127365509;chr6:127516781-127516931
C00013	3	chr19	570628	distal:0;proximal:3	DHDH;HSD17B14;TMEM143	0.049059	0.061618	2.95204e-05	0.00339183	1.0	.	chr19:48363116-48363402;chr19:48835484-48835679;chr19:48933367-48933744
C00014	3	chr19	472563	distal:1;proximal:2	HSD17B14;TMEM143	0.047066	0.059358	5.98251e-05	0.00661712	1.0	.	chr19:48363116-48363402;chr19:48437504-48437654;chr19:48835484-48835679
C00015	3	chr19	373653	distal:0;proximal:3	ECSIT;ENSG00000267082;SPC24	0.069724	0.102728	3.7967e-09	6.05203e-07	1.0	.	chr19:11155720-11156271;chr19:11203588-11204094;chr19:11528617-11529373
C00016	3	chr15	350093	distal:2;proximal:1	LUNAR1	0.053682	0.070301	5.15594e-06	0.000639212	1.0	.	chr15:98750686-98750884;chr15:99014811-99015196;chr15:99100626-99100779
C00017	3	chr1	265301	distal:1;proximal:2	COQ8A;ITPKB-IT1	0.042992	0.063988	0.000232829	0.0238325	1.0	.	chr1:226675171-226675321;chr1:226723720-226724416;chr1:226939857-226940472
C00018	3	chr1	824525	distal:2;proximal:1	NBPF1	0.060769	0.128253	2.66218e-07	3.70096e-05	1.0	.	chr1:16613237-16613749;chr1:17274311-17274502;chr1:17437612-17437762
C00019	3	chr6	288276	distal:0;proximal:3	H2AC6;H2BC4;H3C7;TRIM38	0.042714	0.172774	0.000254435	0.0259052	1.0	.	chr6:25962191-25962511;chr6:26123703-26124401;chr6:26250204-26250467
C00020	3	chr19	498740	distal:2;proximal:1	TNNI3	0.095158	0.168775	9.99201e-16	2.26511e-13	1.0	.	chr19:55156678-55157196;chr19:55341214-55341411;chr19:55655250-55655418
C00021	3	chr17	650985	distal:0;proximal:3	SAT2;SLC16A13;TP53;WRAP53	0.139936	0.255532	0	0	1.0	.	chr17:7035752-7036039;chr17:7627745-7628004;chr17:7686587-7686737
C00022	3	chr16	516263	distal:2;proximal:1	FUS	0.046118	0.086971	8.29004e-05	0.00902685	1.0	.	chr16:30664023-30664206;chr16:30730842-30730998;chr16:31179785-31180286
C00023	3	chr1	504116	distal:3;proximal:0	.	0.226381	0.346883	0	0	1.0	.	chr1:151608319-151608581;chr1:152111642-152112009;chr1:152112207-152112435
C00024	3	chr1	602310	distal:1;proximal:2	ENSG00000270361;KCNN3;PMVK	0.111088	0.197871	0	0	1.0	.	chr1:154335135-154335285;chr1:154870210-154870529;chr1:154937176-154937445
C00025	3	chr5	544459	distal:1;proximal:2	CLTB;KIAA1191	0.098087	0.14279	1.11022e-16	2.61359e-14	1.0	.	chr5:175871827-175872029;chr5:176361489-176361923;chr5:176415912-176416286
C00026	3	chr19	601906	distal:3;proximal:0	.	0.063781	0.210135	6.78748e-08	9.86291e-06	1.0	.	chr19:32224736-32224886;chr19:32746586-32746804;chr19:32826451-32826642
C00027	3	chr11	517082	distal:0;proximal:3	C11orf80;ENSG00000287934;LRFN4;SPTBN2	0.082473	0.098861	3.36364e-12	6.38848e-10	1.0	.	chr11:66744586-66744959;chr11:66856162-66856574;chr11:67261510-67261668
C00028	3	chr12	499874	distal:3;proximal:0	.	0.071159	0.120488	1.82301e-09	2.96392e-07	1.0	.	chr12:6278645-6279015;chr12:6672484-6672634;chr12:6778341-6778519
C00029	3	chr12	482822	distal:2;proximal:1	ENSG00000277283;RAB35	0.053235	0.121533	6.14301e-06	0.000756588	1.0	.	chr12:120116583-120117366;chr12:120292044-120292389;chr12:120599127-120599405
C00030	3	chr19	530549	distal:3;proximal:0	.	0.057662	0.086971	1.01902e-06	0.000134684	1.0	.	chr19:3804847-3804997;chr19:4172729-4173211;chr19:4335221-4335396
C00031	3	chr15	729417	distal:0;proximal:3	GANC;RPAP1;TMEM87A;VPS39;VPS39-DT	0.06465	0.083059	4.52353e-08	6.66318e-06	1.0	.	chr15:41544194-41544574;chr15:42208179-42208507;chr15:42273048-42273611
C00032	3	chr17	274809	distal:0;proximal:3	BORCS6;CNTROB;RNF227;TRAPPC1	0.048828	0.053272	3.2074e-05	0.00367381	1.0	.	chr17:7915600-7916080;chr17:7931920-7932346;chr17:8190104-8190409
C00033	3	chr16	553261	distal:0;proximal:3	ENSG00000263011;ENSG00000263212;ENSG00000289222	0.079419	0.119303	2.01169e-11	3.66795e-09	1.0	.	chr16:2904975-2905213;chr16:3106461-3106913;chr16:3457362-3458236
C00034	3	chr1	282926	distal:2;proximal:1	NFIA-AS1	0.159375	0.222889	0	0	1.0	.	chr1:60970792-60970947;chr1:61224530-61224739;chr1:61253492-61253718
C00035	3	chr7	902422	distal:0;proximal:3	GTF2IRD2B;HIP1;TMEM120A	0.044839	0.07956	0.000127545	0.0135136	1.0	.	chr7:75092455-75093206;chr7:75738654-75739639;chr7:75994461-75994877
C00036	3	chr3	125496	distal:1;proximal:2	ENTPD3;ENTPD3-AS1	0.047763	0.175228	4.68728e-05	0.00526492	1.0	.	chr3:40328009-40328182;chr3:40386590-40386740;chr3:40453128-40453505
C00037	3	chr6	793155	distal:2;proximal:1	RNF8	0.100403	0.151383	0	0	1.0	.	chr6:36560914-36561228;chr6:36623542-36623772;chr6:37353828-37354069
C00038	3	chr15	336562	distal:3;proximal:0	.	0.083214	0.122497	2.15661e-12	4.13856e-10	1.0	.	chr15:75104644-75104800;chr15:75177824-75178050;chr15:75440973-75441206
C00039	3	chr19	880441	distal:3;proximal:0	.	0.070193	0.102992	2.99254e-09	4.80893e-07	1.0	.	chr19:2598948-2599563;chr19:3384785-3385070;chr19:3479203-3479389
C00040	3	chr19	505365	distal:1;proximal:2	CCDC124;ISYNA1	0.048584	0.088103	3.50156e-05	0.0039934	1.0	.	chr19:17932858-17933275;chr19:18036357-18036570;chr19:18438073-18438223
C00041	3	chr4	712510	distal:2;proximal:1	FAM53A	0.053285	0.067855	6.0247e-06	0.000742521	1.0	.	chr4:1684182-1684845;chr4:1748750-1748900;chr4:2396193-2396692
C00042	3	chr19	456598	distal:1;proximal:2	APOC1P1;ERCC2	0.066859	0.109718	1.57263e-08	2.39351e-06	1.0	.	chr19:44927121-44927469;chr19:45370565-45370965;chr19:45383496-45383719
C00043	3	chr11	679468	distal:3;proximal:0	.	0.05229	0.057679	8.8574e-06	0.00107324	1.0	.	chr11:62171293-62171747;chr11:62424819-62425041;chr11:62850611-62850761
C00044	3	chr2	884429	distal:3;proximal:0	.	0.041841	0.255496	0.000334878	0.0335832	1.0	.	chr2:46004691-46004841;chr2:46662582-46663261;chr2:46888887-46889120
C00045	3	chr19	183726	distal:0;proximal:3	DUS3L;NRTN;SAFB	0.08883	0.106892	6.56142e-14	1.37152e-11	1.0	.	chr19:5622394-5622616;chr19:5791127-5791565;chr19:5805931-5806120
C00046	3	chr2	218900	distal:2;proximal:1	DPY30;ENSG00000288937	0.04786	0.228627	4.52983e-05	0.00509789	1.0	.	chr2:32039490-32039656;chr2:32222787-32222937;chr2:32258156-32258390
C00047	3	chr2	547634	distal:1;proximal:2	ANXA4;ENSG00000231024	0.044321	0.083755	0.000151364	0.0158796	1.0	.	chr2:69643638-69644114;chr2:69714744-69714929;chr2:70190662-70191272
C00048	3	chr2	916231	distal:2;proximal:1	ENSG00000289296;SP3	0.083395	0.167031	1.93412e-12	3.72063e-10	1.0	.	chr2:173049338-173049547;chr2:173401883-173402033;chr2:173965317-173965569
C00049	3	chr5	606514	distal:2;proximal:1	GDF9;UQCRQ	0.091443	0.139641	1.19904e-14	2.59242e-12	1.0	.	chr5:132585583-132585815;chr5:132866139-132866651;chr5:133191844-133192097
C00050	3	chr19	554894	distal:1;proximal:2	EML2;GEMIN7-AS1;PPP1R37	0.044657	0.070126	0.000135492	0.0142957	1.0	.	chr19:45091480-45091912;chr19:45300642-45300912;chr19:45646155-45646374
C00051	3	chr16	259045	distal:2;proximal:1	ENSG00000261889	0.043832	0.073032	0.000177613	0.0184493	1.0	.	chr16:2898613-2898836;chr16:2961841-2962060;chr16:3157338-3157658
C00052	3	chr1	448907	distal:3;proximal:0	.	0.079825	0.11984	1.59268e-11	2.91982e-09	1.0	.	chr1:32753776-32754023;chr1:32754468-32754619;chr1:33202444-33202683
C00053	3	chr1	327458	distal:2;proximal:1	AK2;AZIN2	0.125475	0.222753	0	0	1.0	.	chr1:32753776-32754023;chr1:33036006-33036216;chr1:33080908-33081234
C00054	3	chr2	308817	distal:3;proximal:0	.	0.106043	0.186435	0	0	1.0	.	chr2:41824629-41824784;chr2:42008460-42008610;chr2:42132822-42133446
C00055	3	chr7	608843	distal:3;proximal:0	.	0.057306	0.250504	1.18379e-06	0.000155478	1.0	.	chr7:80870074-80870249;chr7:80892998-80893161;chr7:81478712-81478917
C00056	3	chr19	243341	distal:1;proximal:2	ABHD8;DDA1;NR2F6	0.066497	0.121853	1.8746e-08	2.83325e-06	1.0	.	chr19:17246095-17246271;chr19:17309073-17309621;chr19:17489034-17489436
C00057	3	chr1	724975	distal:2;proximal:1	NECAP2	0.117632	0.158887	0	0	1.0	.	chr1:15716027-15716177;chr1:16078983-16079159;chr1:16440517-16441002
C00058	3	chr1	973408	distal:0;proximal:3	CASP9;CROCCP3;DNAJC16;NECAP2	0.056515	0.123941	1.64479e-06	0.000213644	1.0	.	chr1:15526421-15526883;chr1:16440517-16441002;chr1:16499041-16499829
C00059	3	chr8	404482	distal:1;proximal:2	MFSD3;PPP1R16A	0.049359	0.14179	2.64717e-05	0.00305453	1.0	.	chr8:144477814-144478097;chr8:144508302-144508819;chr8:144882116-144882296
C00060	3	chr6	572237	distal:3;proximal:0	.	0.111085	0.229965	0	0	1.0	.	chr6:26555222-26555417;chr6:26607489-26607659;chr6:27127135-27127459
C00061	3	chr17	513879	distal:1;proximal:2	ENSG00000250838;ENSG00000289021;IGF2BP1;SNF8	0.054902	0.074801	3.1742e-06	0.000401522	1.0	.	chr17:48483602-48484106;chr17:48943914-48944064;chr17:48997047-48997481
C00062	3	chr14	391210	distal:2;proximal:1	ENSG00000273711;ZNF410	0.068152	0.110527	8.34303e-09	1.29742e-06	1.0	.	chr14:73885583-73885733;chr14:74140413-74140645;chr14:74276557-74276793
C00063	3	chr1	432598	distal:2;proximal:1	ENSG00000272106;MIB2	0.048395	0.089997	3.74642e-05	0.00425513	1.0	.	chr1:1183020-1183170;chr1:1382573-1382819;chr1:1615057-1615618
C00064	3	chr1	572684	distal:1;proximal:2	KRTCAP2;MTX1;THBS3;TRIM46	0.05986	0.110534	3.96963e-07	5.44275e-05	1.0	.	chr1:155173156-155173546;chr1:155209018-155209323;chr1:155745318-155745840
C00065	3	chrX	438073	distal:2;proximal:1	MECP2	0.081266	0.190217	6.8755e-12	1.28731e-09	1.0	.	chrX:154097062-154097551;chrX:154136801-154136973;chrX:154534821-154535135
C00066	3	chrX	208832	distal:2;proximal:1	MECP2	0.051019	0.172026	1.43462e-05	0.00170183	1.0	.	chrX:153928141-153928721;chrX:154097062-154097551;chrX:154136801-154136973
C00067	3	chr15	499414	distal:2;proximal:1	ENSG00000261775	0.050508	0.084471	1.73591e-05	0.00204131	1.0	.	chr15:74307832-74308021;chr15:74489923-74490342;chr15:74807096-74807246
C00068	3	chr12	472649	distal:2;proximal:1	HSD17B6;PRIM1	0.068751	0.121359	6.19418e-09	9.74052e-07	1.0	.	chr12:56590234-56590544;chr12:56751967-56752557;chr12:57062699-57062883
C00069	3	chr12	373700	distal:2;proximal:1	HSD17B6;PRIM1	0.041986	0.081597	0.000320032	0.0321642	1.0	.	chr12:56689183-56689746;chr12:56751967-56752557;chr12:57062699-57062883
C00070	3	chr2	67690	distal:2;proximal:1	ENSG00000272735	0.057849	0.104278	9.41967e-07	0.000124902	1.0	.	chr2:71001038-71001343;chr2:71021787-71022003;chr2:71068163-71068728
C00071	3	chr1	492363	distal:2;proximal:1	ENSG00000284699	0.044587	0.054998	0.00013866	0.0146091	1.0	.	chr1:24705179-24705712;chr1:24735507-24736318;chr1:25197319-25197542
C00072	3	chr1	603372	distal:0;proximal:3	ENSG00000286433;ENSG00000287244;FAM76A;MED18;PPP1R8	0.06108	0.076471	2.31795e-07	3.23947e-05	1.0	.	chr1:27726224-27726570;chr1:27830550-27830938;chr1:28329259-28329596
C00073	3	chr1	664892	distal:1;proximal:2	CTPS1;ENSG00000284677;ZFP69B	0.040589	0.064832	0.000492015	0.0481943	1.0	.	chr1:40315251-40315583;chr1:40449873-40450242;chr1:40979276-40980143
C00074	3	chr12	422141	distal:2;proximal:1	ENSG00000256950;ENSG00000287493;PSMD9	0.050817	0.052534	1.54737e-05	0.00182873	1.0	.	chr12:121467057-121467978;chr12:121811716-121812279;chr12:121888983-121889198
C00075	3	chr1	630104	distal:1;proximal:2	EXTL2;RTCA;RTCA-AS1;SLC30A7	0.06331	0.086263	8.43947e-08	1.21772e-05	1.0	.	chr1:100266031-100266489;chr1:100459370-100459819;chr1:100895730-100896135
C00076	3	chr19	673393	distal:3;proximal:0	.	0.053559	0.115282	5.41149e-06	0.000669545	1.0	.	chr19:47026217-47026367;chr19:47600293-47600774;chr19:47699460-47699610
C00077	3	chr6	223590	distal:2;proximal:1	HSP90AB1	0.088551	0.108529	7.84928e-14	1.6324e-11	1.0	.	chr6:44246673-44247140;chr6:44268085-44268241;chr6:44469928-44470263
C00078	3	chr1	671707	distal:2;proximal:1	PTCH2	0.062954	0.155623	9.94039e-08	1.42519e-05	1.0	.	chr1:44793700-44794167;chr1:44843140-44843691;chr1:45465257-45465407
C00079	3	chr9	479936	distal:3;proximal:0	.	0.049211	0.074026	2.79408e-05	0.00321768	1.0	.	chr9:79182942-79183110;chr9:79438947-79439215;chr9:79662691-79662878
C00080	3	chr2	808966	distal:1;proximal:2	ENSG00000240980;ENSG00000287305;GRHL1	0.089856	0.130153	3.38618e-14	7.17553e-12	1.0	.	chr2:9142782-9143130;chr2:9643963-9644113;chr2:9951406-9951748
C00081	3	chr7	571267	distal:2;proximal:1	SPDYE10	0.14019	0.143874	0	0	1.0	.	chr7:73154701-73155150;chr7:73701546-73701696;chr7:73725791-73725968
C00082	3	chr1	389811	distal:0;proximal:3	ACOT7;ENSG00000271746;ICMT;THAP3	0.050757	0.057012	1.5821e-05	0.00186718	1.0	.	chr1:6235901-6236299;chr1:6393333-6393586;chr1:6625325-6625712
C00083	3	chr17	518105	distal:3;proximal:0	.	0.15299	0.25753	0	0	1.0	.	chr17:17623386-17623855;chr17:17922217-17922404;chr17:18141284-18141491
C00084	3	chr17	494521	distal:3;proximal:0	.	0.162045	0.254496	0	0	1.0	.	chr17:17646970-17647181;chr17:17922217-17922404;chr17:18141284-18141491
C00085	3	chr19	890037	distal:2;proximal:1	RAB11B;RAB11B-AS1	0.064177	0.104456	5.64381e-08	8.25628e-06	1.0	.	chr19:7500967-7501193;chr19:7970834-7971003;chr19:8390625-8391004
C00086	3	chr19	262206	distal:1;proximal:2	AP2S1;SAE1	0.04273	0.056134	0.000253134	0.0257776	1.0	.	chr19:46850535-46851118;chr19:46976503-46976707;chr19:47112495-47112741
C00087	3	chr19	457709	distal:3;proximal:0	.	0.050776	0.102119	1.5711e-05	0.00185539	1.0	.	chr19:45359828-45359988;chr19:45523729-45524032;chr19:45817141-45817537
C00088	3	chr17	624349	distal:2;proximal:1	MYO15A	0.043136	0.068127	0.000222318	0.0228156	1.0	.	chr17:17818057-17818281;chr17:18109032-18109197;chr17:18442176-18442406
C00089	3	chr15	340254	distal:2;proximal:1	IDH2;IDH2-DT	0.068846	0.256678	5.90597e-09	9.29919e-07	1.0	.	chr15:89861646-89861822;chr15:90102189-90102740;chr15:90201226-90201900
C00090	3	chr19	405156	distal:2;proximal:1	CYTH2;ENSG00000268530	0.065765	0.101426	2.66564e-08	3.9864e-06	1.0	.	chr19:48332726-48333281;chr19:48469657-48469867;chr19:48737723-48737882
C00091	3	chr6	907395	distal:3;proximal:0	.	0.068649	0.146979	6.51584e-09	1.02202e-06	1.0	.	chr6:42056685-42056912;chr6:42639213-42639460;chr6:42963930-42964080
C00092	3	chr2	378985	distal:2;proximal:1	ENSG00000235480	0.045149	0.07411	0.000115001	0.0122634	1.0	.	chr2:96153524-96153674;chr2:96164676-96164956;chr2:96532003-96532509
C00093	3	chr19	828019	distal:2;proximal:1	ARMC6	0.096369	0.183025	4.44089e-16	1.02241e-13	1.0	.	chr19:18590499-18590794;chr19:19032876-19033099;chr19:19418315-19418518
C00094	3	chr7	503457	distal:2;proximal:1	PAXIP1;PAXIP1-DT	0.062976	0.174551	9.84297e-08	1.41195e-05	1.0	.	chr7:154841720-154841924;chr7:155003303-155003652;chr7:155344742-155345177
C00095	3	chr19	362504	distal:1;proximal:2	BCAM;CLASRP	0.093177	0.108535	3.77476e-15	8.34535e-13	1.0	.	chr19:44677114-44677550;chr19:44808566-44808716;chr19:45038957-45039618
C00096	3	chr19	775477	distal:2;proximal:1	ENSG00000287296	0.068176	0.092547	8.24312e-09	1.28242e-06	1.0	.	chr19:13152860-13153174;chr19:13833589-13833935;chr19:13928173-13928337
C00097	3	chr2	433705	distal:1;proximal:2	AMMECR1L;HS6ST1	0.149378	0.170499	0	0	1.0	.	chr2:127885307-127885770;chr2:127979946-127980096;chr2:128318825-128319012
C00098	3	chr14	198074	distal:1;proximal:2	ENSG00000285664;GNPNAT1	0.074157	0.16525	3.7573e-10	6.38717e-08	1.0	.	chr14:52594314-52594465;chr14:52791163-52792147;chr14:52792214-52792388
C00099	3	chr11	146721	distal:2;proximal:1	BBS1	0.043621	0.05282	0.000190171	0.0196824	1.0	.	chr11:66364037-66364187;chr11:66438976-66439234;chr11:66510508-66510758
C00100	3	chr11	264898	distal:2;proximal:1	CCDC87;CCS	0.070593	0.197502	2.44014e-09	3.94009e-07	1.0	.	chr11:66328357-66328623;chr11:66364037-66364187;chr11:66592799-66593255
C00101	3	chr1	835924	distal:2;proximal:1	PER3	0.091608	0.131143	1.07692e-14	2.33293e-12	1.0	.	chr1:7646387-7646557;chr1:7783750-7784240;chr1:8482138-8482311
C00102	3	chr12	696352	distal:0;proximal:3	BLOC1S1;ENSG00000257449;ENSG00000258311;ENSG00000276272;ITGA7;RPS26	0.058608	0.07818	6.81935e-07	9.16288e-05	1.0	.	chr12:55716350-55716740;chr12:56041240-56041401;chr12:56412532-56412702
C00103	3	chr2	523254	distal:3;proximal:0	.	0.047192	0.082487	5.72622e-05	0.00635458	1.0	.	chr2:88026417-88026663;chr2:88330195-88330479;chr2:88549497-88549671
C00104	3	chr1	463535	distal:2;proximal:1	UBQLN4	0.043001	0.06551	0.000232141	0.0237665	1.0	.	chr1:155697744-155697909;chr1:156053354-156053624;chr1:156160809-156161279
C00105	3	chr12	119985	distal:2;proximal:1	PEBP1;VSIG10	0.153323	0.244033	0	0	1.0	.	chr12:118016500-118017029;chr12:118076689-118076839;chr12:118136223-118136485
C00106	3	chr1	633706	distal:1;proximal:2	AMIGO1;CSF1	0.056112	0.066537	1.94177e-06	0.000250692	1.0	.	chr1:109277469-109277631;chr1:109509328-109510011;chr1:109910570-109911175
C00107	3	chr1	846033	distal:1;proximal:2	ENSG00000272106;ENSG00000273443;MIB2	0.085872	0.107135	4.24549e-13	8.45775e-11	1.0	.	chr1:1063805-1064095;chr1:1615689-1615888;chr1:1909661-1909838
C00108	3	chr1	428580	distal:0;proximal:3	GPATCH3;HMGN2;NUDC	0.049173	0.096669	2.83295e-05	0.00326075	1.0	.	chr1:26471944-26472201;chr1:26472295-26472575;chr1:26900371-26900524
C00109	3	chr1	605952	distal:2;proximal:1	LAMTOR2	0.044771	0.159144	0.000130464	0.0138046	1.0	.	chr1:156054523-156055263;chr1:156383032-156383246;chr1:156660016-156660475
C00110	3	chr8	439828	distal:0;proximal:3	BIN3;ENSG00000261026;POLR3D	0.101054	0.156724	0	0	1.0	.	chr8:22245017-22245452;chr8:22669035-22669332;chr8:22684695-22684845
C00111	3	chr3	682400	distal:0;proximal:3	GPX1;MST1;RNF123;WDR6	0.057001	0.074231	1.3441e-06	0.000175721	1.0	.	chr3:49007724-49008124;chr3:49358876-49359110;chr3:49689764-49690124
C00112	3	chr16	800482	distal:3;proximal:0	.	0.101143	0.111621	0	0	1.0	.	chr16:30165281-30165440;chr16:30844731-30844993;chr16:30965536-30965763
C00113	3	chr5	662158	distal:2;proximal:1	ENSG00000277619;PITX1	0.069741	0.111459	3.7651e-09	6.00598e-07	1.0	.	chr5:134642367-134642563;chr5:135034148-135034845;chr5:135304375-135304525
C00114	3	chr19	714445	distal:1;proximal:2	ENSG00000188223;ENSG00000267120;PSENEN;SCN1B;U2AF1L4	0.085867	0.117368	4.25993e-13	8.48498e-11	1.0	.	chr19:35031224-35031382;chr19:35067170-35067359;chr19:35745390-35745669
C00115	3	chr1	614475	distal:1;proximal:2	KRTCAP2;TRIM46;UBE2Q1	0.075919	0.11511	1.4412e-10	2.51399e-08	1.0	.	chr1:154558612-154559092;chr1:154878557-154878783;chr1:155172801-155173087
C00116	3	chr10	560962	distal:2;proximal:1	CHUK;CHUK-DT	0.057623	0.121444	1.03603e-06	0.000136824	1.0	.	chr10:100110320-100110591;chr10:100229311-100229805;chr10:100671114-100671282
C00117	3	chr5	797475	distal:3;proximal:0	.	0.054658	0.122142	3.49993e-06	0.000441515	1.0	.	chr5:176658107-176658270;chr5:177133434-177134194;chr5:177455012-177455582
C00118	3	chr17	871180	distal:3;proximal:0	.	0.054534	0.067212	3.67777e-06	0.000462737	1.0	.	chr17:17087565-17087742;chr17:17663278-17663609;chr17:17958530-17958745
C00119	3	chr17	799353	distal:1;proximal:2	CLTC;ENSG00000273702;RNFT1;RNFT1-DT	0.229002	0.427451	0	0	1.0	.	chr17:59165907-59166182;chr17:59619184-59620142;chr17:59963904-59965260
C00120	3	chr16	237786	distal:1;proximal:2	PAQR4;ZNF205	0.088079	0.107897	1.06026e-13	2.18695e-11	1.0	.	chr16:2874895-2875085;chr16:2969120-2969580;chr16:3112348-3112681
C00121	3	chr7	839004	distal:3;proximal:0	.	0.046202	0.067829	8.05815e-05	0.00878489	1.0	.	chr7:1612713-1612995;chr7:2225548-2225698;chr7:2451467-2451717
C00122	3	chr17	567882	distal:1;proximal:2	ARRB2;CYB5D2;ZZEF1	0.063112	0.108174	9.24665e-08	1.32951e-05	1.0	.	chr17:4142987-4143303;chr17:4413368-4413518;chr17:4710046-4710869
C00123	3	chr19	69357	distal:1;proximal:2	CNOT3;RPS9	0.040762	0.100847	0.000466833	0.0458777	1.0	.	chr19:54137520-54137845;chr19:54200941-54201225;chr19:54206699-54206877
C00124	3	chr22	706739	distal:2;proximal:1	MORC2;TUG1	0.063022	0.122656	9.63443e-08	1.38311e-05	1.0	.	chr22:30263007-30263225;chr22:30920437-30920587;chr22:30968904-30969746
C00125	3	chr19	674339	distal:0;proximal:3	ENSG00000267277;LDLR;QTRT1;SWSAP1	0.080169	0.115832	1.30507e-11	2.40488e-09	1.0	.	chr19:10701324-10701545;chr19:11089294-11089559;chr19:11375498-11375663
C00126	3	chr6	755488	distal:1;proximal:2	H2AC13;H2BC13;ZSCAN23	0.084777	0.135371	8.34666e-13	1.63689e-10	1.0	.	chr6:27688126-27688395;chr6:27807552-27807702;chr6:28443098-28443614
C00127	3	chr12	316318	distal:0;proximal:3	COPZ1;ENSG00000273049;HOXC-AS3;HOXC10;HOXC9;NFE2	0.050964	0.062611	1.4645e-05	0.00173542	1.0	.	chr12:53984887-53985169;chr12:53994714-53994865;chr12:54300814-54301205
C00128	3	chr22	206675	distal:2;proximal:1	ENSG00000290799;LRRC74B	0.052874	0.062231	7.07002e-06	0.000865469	1.0	.	chr22:21045612-21046265;chr22:21112568-21112735;chr22:21251964-21252287
C00129	3	chr1	345539	distal:2;proximal:1	ENSG00000260805;ENSG00000288007	0.075787	0.145555	1.54905e-10	2.69447e-08	1.0	.	chr1:212213691-212213929;chr1:212308311-212308509;chr1:212558483-212559230
C00130	3	chr1	241526	distal:1;proximal:2	ENSG00000289593;GPATCH4	0.128102	0.17577	0	0	1.0	.	chr1:156505360-156505583;chr1:156601404-156601784;chr1:156746675-156746886
C00131	3	chr15	822608	distal:3;proximal:0	.	0.111921	0.172513	0	0	1.0	.	chr15:75119736-75120413;chr15:75786285-75786547;chr15:75942136-75942344
C00132	3	chr10	554280	distal:3;proximal:0	.	0.267179	0.350871	0	0	1.0	.	chr10:42551537-42551687;chr10:42866795-42866998;chr10:43105573-43105817
C00133	3	chr3	588602	distal:1;proximal:2	ENSG00000286531;ITIH3	0.047447	0.053156	5.23742e-05	0.00584493	1.0	.	chr3:52794124-52794330;chr3:53196047-53196221;chr3:53382576-53382726
C00134	3	chr3	315532	distal:0;proximal:3	NFKBIZ;SENP7	0.056024	0.064441	2.01269e-06	0.000259455	1.0	.	chr3:101512543-101512853;chr3:101512916-101513130;chr3:101827863-101828075
C00135	3	chr22	237302	distal:0;proximal:3	EWSR1;KREMEN1;RHBDD3;ZNRF3-AS1	0.041542	0.062846	0.000367432	0.0365928	1.0	.	chr22:29030777-29031106;chr22:29072837-29073204;chr22:29267827-29268079
C00136	3	chr6	386534	distal:1;proximal:2	ENSG00000272277;SERPINB1	0.043929	0.095742	0.000172067	0.0179124	1.0	.	chr6:2841320-2841671;chr6:3068678-3069469;chr6:3227485-3227854
C00137	3	chr4	589162	distal:1;proximal:2	ENSG00000248206;ING2	0.044022	0.161057	0.000166899	0.0173987	1.0	.	chr4:183398302-183398627;chr4:183505904-183506185;chr4:183987314-183987464
C00138	3	chr7	458989	distal:3;proximal:0	.	0.065703	0.079798	2.74486e-08	4.1021e-06	1.0	.	chr7:116631576-116632088;chr7:116910741-116910896;chr7:117090397-117090565
C00139	3	chr14	27259	distal:0;proximal:3	ENSG00000260669;ENSG00000289979;GMPR2;MDP1;NEDD8;NEDD8-MDP1;TINF2	0.051104	0.054904	1.38963e-05	0.00165182	1.0	.	chr14:24215968-24216211;chr14:24232285-24232954;chr14:24242924-24243227
C00140	3	chr14	779047	distal:1;proximal:2	AP1G2;ENSG00000289979;TINF2	0.060212	0.09007	3.40239e-07	4.69347e-05	1.0	.	chr14:23567752-23567983;chr14:24242924-24243227;chr14:24346649-24346799
C00141	3	chr11	570010	distal:3;proximal:0	.	0.046381	0.093782	7.57746e-05	0.00828694	1.0	.	chr11:65860260-65860553;chr11:66293056-66293206;chr11:66430015-66430270
C00142	3	chr9	323392	distal:2;proximal:1	ZNF79	0.047723	0.153218	4.75416e-05	0.00533302	1.0	.	chr9:127244847-127245793;chr9:127423975-127424156;chr9:127567906-127568239
C00143	3	chr19	784544	distal:1;proximal:2	ARRDC2;FKBP8	0.09027	0.106598	2.58682e-14	5.51009e-12	1.0	.	chr19:18000961-18001388;chr19:18543576-18544160;chr19:18785151-18785505
C00144	3	chr20	510503	distal:2;proximal:1	SOGA1	0.070523	0.10015	2.52909e-09	4.07838e-07	1.0	.	chr20:36353587-36353802;chr20:36674579-36674944;chr20:36863643-36864090
C00145	3	chr19	447727	distal:1;proximal:2	C19orf25;POLR2E	0.061218	0.083569	2.1796e-07	3.05151e-05	1.0	.	chr19:1095276-1095659;chr19:1479105-1479329;chr19:1542615-1543003
C00146	3	chr6	622616	distal:3;proximal:0	.	0.068246	0.201991	7.96283e-09	1.23986e-06	1.0	.	chr6:26743411-26743826;chr6:27297971-27298140;chr6:27365877-27366027
C00147	3	chr6	68056	distal:2;proximal:1	POM121L2	0.089793	0.214106	3.51941e-14	7.44646e-12	1.0	.	chr6:27297971-27298140;chr6:27312241-27312974;chr6:27365877-27366027
C00148	3	chr6	205319	distal:3;proximal:0	.	0.06837	0.202029	7.48765e-09	1.16949e-06	1.0	.	chr6:27297971-27298140;chr6:27365877-27366027;chr6:27503002-27503290
C00149	3	chr17	414472	distal:2;proximal:1	RUNDC3A-AS1	0.078005	0.103529	4.50496e-11	8.06009e-09	1.0	.	chr17:43901150-43901300;chr17:44269570-44269750;chr17:44315104-44315622
C00150	3	chr7	872078	distal:1;proximal:2	CNOT4;STMP1	0.129028	0.249189	0	0	1.0	.	chr7:135509634-135509946;chr7:135662274-135662800;chr7:136381562-136381712
C00151	3	chr1	399105	distal:2;proximal:1	PPM1J-DT	0.07427	0.088029	3.53494e-10	6.01747e-08	1.0	.	chr1:112716315-112716486;chr1:112986055-112986225;chr1:113115174-113115420
C00152	3	chr6	340995	distal:2;proximal:1	PTK7	0.055221	0.144477	2.79119e-06	0.000355059	1.0	.	chr6:43076076-43076478;chr6:43247193-43247399;chr6:43416921-43417071
C00153	3	chr4	559962	distal:1;proximal:2	AFF1;ENSG00000284968;ENSG00000285458;HSD17B11	0.092516	0.119752	5.88418e-15	1.29059e-12	1.0	.	chr4:86831505-86831886;chr4:86935745-86936065;chr4:87391256-87391467
C00154	3	chr11	589113	distal:0;proximal:3	C11orf80;KLC2-AS2;LRFN4;RAB1B;SPTBN2	0.075133	0.088423	2.21525e-10	3.81812e-08	1.0	.	chr11:66267461-66267805;chr11:66744586-66744959;chr11:66856162-66856574
C00155	3	chr3	735191	distal:3;proximal:0	.	0.153749	0.303693	0	0	1.0	.	chr3:45156422-45156609;chr3:45167523-45167706;chr3:45891463-45891613
C00156	3	chr2	577732	distal:2;proximal:1	DUSP28	0.052648	0.14603	7.71671e-06	0.00094058	1.0	.	chr2:240116022-240116193;chr2:240560657-240561334;chr2:240693604-240693754
C00157	3	chr16	172223	distal:2;proximal:1	HBM	0.041011	0.097775	0.000432653	0.0426891	1.0	.	chr16:152938-153299;chr16:235478-235678;chr16:324385-325161
C00158	3	chr3	779446	distal:3;proximal:0	.	0.047803	0.069695	4.62171e-05	0.00519548	1.0	.	chr3:53161062-53161264;chr3:53270030-53270474;chr3:53940358-53940508
C00159	3	chr22	600015	distal:2;proximal:1	PI4KA;SNAP29	0.063254	0.0897	8.66277e-08	1.24864e-05	1.0	.	chr22:20285805-20286052;chr22:20858680-20859121;chr22:20885495-20885820
C00160	3	chr19	937548	distal:3;proximal:0	.	0.063539	0.072357	7.59299e-08	1.09959e-05	1.0	.	chr19:18058509-18058670;chr19:18161396-18161653;chr19:18995907-18996057
C00161	3	chr9	420266	distal:1;proximal:2	ENTR1;PMPCA;QSOX2	0.093992	0.118502	2.22045e-15	4.94953e-13	1.0	.	chr9:135990465-135990916;chr9:136245208-136245419;chr9:136410488-136410731
C00162	3	chr19	643477	distal:3;proximal:0	.	0.09245	0.169744	6.10623e-15	1.33797e-12	1.0	.	chr19:48565105-48565255;chr19:49145964-49146337;chr19:49208377-49208582
C00163	3	chr19	690567	distal:2;proximal:1	ENSG00000287254	0.071264	0.108499	1.72729e-09	2.81532e-07	1.0	.	chr19:14075156-14075322;chr19:14217360-14218021;chr19:14765516-14765723
C00164	3	chr10	891896	distal:1;proximal:2	DPCD;MFSD13A	0.057997	0.064744	8.84656e-07	0.000117711	1.0	.	chr10:101570254-101570623;chr10:101857028-101857236;chr10:102461861-102462150
C00165	3	chr9	699859	distal:3;proximal:0	.	0.047273	0.050379	5.56584e-05	0.00618651	1.0	.	chr9:130701132-130701335;chr9:130958587-130958827;chr9:131400841-131400991
C00166	3	chr5	539007	distal:1;proximal:2	DCTN4;RBM22	0.087154	0.133856	1.90514e-13	3.87409e-11	1.0	.	chr5:150700483-150700844;chr5:150758510-150759173;chr5:151239148-151239490
C00167	3	chr19	241929	distal:1;proximal:2	FKBP8;UBA52	0.066442	0.102143	1.92488e-08	2.90726e-06	1.0	.	chr19:18543576-18544160;chr19:18571528-18572173;chr19:18785151-18785505
C00168	3	chr9	540953	distal:1;proximal:2	CDK9;PTRH1	0.050273	0.12099	1.89342e-05	0.00221947	1.0	.	chr9:127244847-127245793;chr9:127724837-127725053;chr9:127785641-127785800
C00169	3	chr15	599360	distal:3;proximal:0	.	0.056895	0.183229	1.4052e-06	0.00018347	1.0	.	chr15:78308495-78308716;chr15:78360077-78360227;chr15:78907705-78907855
C00170	3	chr16	25558	distal:1;proximal:2	HIRIP3;INO80E	0.056713	0.08726	1.51506e-06	0.000197327	1.0	.	chr16:29995537-29995765;chr16:29996023-29996308;chr16:30020849-30021095
C00171	3	chr19	468655	distal:2;proximal:1	ENSG00000287271;FBXO17	0.06316	0.169078	9.04543e-08	1.30193e-05	1.0	.	chr19:38506942-38507678;chr19:38849445-38849643;chr19:38975438-38975597
C00172	3	chr11	437295	distal:1;proximal:2	AAMDC;ENSG00000268635;PAK1;RSF1	0.047603	0.129391	4.95864e-05	0.0055489	1.0	.	chr11:77383982-77384134;chr11:77473449-77474401;chr11:77820642-77821277
C00173	3	chr11	243901	distal:2;proximal:1	ENSG00000256514	0.378269	0.526981	0	0	1.0	.	chr11:67239516-67240198;chr11:67373038-67373287;chr11:67482887-67483417
C00174	3	chr11	503770	distal:2;proximal:1	GRK2	0.082486	0.113148	3.33655e-12	6.33812e-10	1.0	.	chr11:67266245-67266455;chr11:67391760-67392046;chr11:67769865-67770015
C00175	3	chr17	690552	distal:1;proximal:2	KRBA2;WRAP53	0.060185	0.090194	3.44293e-07	4.74586e-05	1.0	.	chr17:7686320-7686470;chr17:8016616-8016934;chr17:8376628-8376872
C00176	3	chr9	385675	distal:1;proximal:2	COQ4;SLC27A4;TRUB2	0.044557	0.091949	0.00014004	0.0147488	1.0	.	chr9:127955515-127955823;chr9:128322165-128322315;chr9:128340056-128341190
C00177	3	chr17	623622	distal:3;proximal:0	.	0.097039	0.130963	2.22045e-16	5.17006e-14	1.0	.	chr17:17769072-17769240;chr17:17818057-17818281;chr17:18392439-18392694
C00178	3	chr3	467732	distal:2;proximal:1	DOCK3	0.105869	0.149152	0	0	1.0	.	chr3:50321134-50321623;chr3:50674834-50675631;chr3:50788552-50788866
C00179	3	chr17	452950	distal:3;proximal:0	.	0.155394	0.177105	0	0	1.0	.	chr17:18563788-18564399;chr17:18886354-18886674;chr17:19016554-19016738
C00180	3	chr1	272788	distal:3;proximal:0	.	0.05952	0.110925	4.6029e-07	6.26989e-05	1.0	.	chr1:235067697-235068214;chr1:235224389-235224560;chr1:235340285-235340485
C00181	3	chr19	384973	distal:1;proximal:2	ENSG00000289915;NAPA	0.098633	0.235291	1.11022e-16	2.61359e-14	1.0	.	chr19:47130626-47131069;chr19:47243894-47244668;chr19:47514946-47515599
C00182	3	chr17	550397	distal:1;proximal:2	ATP5PD;LLGL2	0.069735	0.099981	3.7767e-09	6.02188e-07	1.0	.	chr17:75046634-75047360;chr17:75524960-75525130;chr17:75596832-75597031
C00183	3	chr15	229139	distal:2;proximal:1	CIB2;IDH3A	0.052342	0.155788	8.68319e-06	0.00105294	1.0	.	chr15:78131088-78131706;chr15:78308495-78308716;chr15:78360077-78360227
C00184	3	chr15	727074	distal:3;proximal:0	.	0.076818	0.180786	8.76484e-11	1.54792e-08	1.0	.	chr15:77633153-77633741;chr15:78308495-78308716;chr15:78360077-78360227
C00185	3	chr1	390102	distal:3;proximal:0	.	0.042946	0.068552	0.000236263	0.0241528	1.0	.	chr1:204935629-204935779;chr1:205294708-205294888;chr1:205325460-205325731
C00186	3	chr16	802121	distal:2;proximal:1	DNAH3;LDAF1	0.092348	0.221177	6.55032e-15	1.43329e-12	1.0	.	chr16:21158512-21158894;chr16:21404754-21404937;chr16:21960483-21960633
C00187	3	chr10	626271	distal:3;proximal:0	.	0.12207	0.218045	0	0	1.0	.	chr10:28823012-28823338;chr10:28987520-28987687;chr10:29449133-29449283
C00188	3	chr22	556065	distal:2;proximal:1	MICALL1	0.055104	0.080482	2.92587e-06	0.000371637	1.0	.	chr22:37905756-37906066;chr22:38220962-38221130;chr22:38461530-38461821
C00189	3	chr22	707504	distal:1;proximal:2	C1QTNF6;MICALL1	0.080647	0.128476	9.87643e-12	1.83307e-09	1.0	.	chr22:37198562-37198917;chr22:37607106-37607361;chr22:37905756-37906066
C00190	3	chr22	834282	distal:2;proximal:1	MICALL1	0.191354	0.306605	0	0	1.0	.	chr22:37607106-37607361;chr22:37905756-37906066;chr22:38441185-38441388
C00191	3	chr22	863810	distal:2;proximal:1	YWHAH	0.041824	0.14599	0.000336597	0.0337343	1.0	.	chr22:31080818-31081045;chr22:31081135-31081558;chr22:31943795-31944628
C00192	3	chr9	580712	distal:3;proximal:0	.	0.04672	0.071493	6.74347e-05	0.00742248	1.0	.	chr9:100120687-100120888;chr9:100136936-100137093;chr9:99556381-99556531
C00193	3	chr6	583619	distal:3;proximal:0	.	0.067392	0.088184	1.21273e-08	1.86084e-06	1.0	.	chr6:37208094-37208459;chr6:37742678-37742828;chr6:37791349-37791713
C00194	3	chr17	936173	distal:2;proximal:1	SNHG29	0.042883	0.17454	0.000241086	0.0246185	1.0	.	chr17:15502951-15503119;chr17:15820012-15820174;chr17:16438705-16439124
C00195	3	chr6	464008	distal:1;proximal:2	ENSG00000261839;ZBED9-AS1;ZSCAN16-AS1	0.04829	0.119794	3.88894e-05	0.00440888	1.0	.	chr6:28124433-28125103;chr6:28136753-28136955;chr6:28588280-28588441
C00196	3	chr6	341475	distal:3;proximal:0	.	0.046594	0.084012	7.0428e-05	0.00773199	1.0	.	chr6:27553126-27553689;chr6:27618213-27618591;chr6:27894441-27894601
C00197	3	chr7	268714	distal:1;proximal:2	RNF32;RNF32-DT	0.047255	0.215082	5.60122e-05	0.00622459	1.0	.	chr7:156640494-156640923;chr7:156640985-156641235;chr7:156909005-156909208
C00198	3	chr2	726860	distal:2;proximal:1	XPO1	0.05266	0.109432	7.68076e-06	0.000936753	1.0	.	chr2:61538108-61538935;chr2:61866438-61866642;chr2:62264818-62264968
C00199	3	chr19	707353	distal:0;proximal:3	ZNF256;ZNF460;ZNF460-AS1;ZNF805	0.127645	0.159683	0	0	1.0	.	chr19:57240550-57240881;chr19:57279750-57280051;chr19:57947583-57947903
C00200	3	chr3	111096	distal:3;proximal:0	.	0.048575	0.144336	3.51336e-05	0.00400439	1.0	.	chr3:73188898-73189097;chr3:73298966-73299137;chr3:73299801-73299994
C00201	3	chr21	938041	distal:1;proximal:2	LINC01424;TRAPPC10;UBE2G2	0.041999	0.081007	0.000318709	0.0320371	1.0	.	chr21:44011984-44012341;chr21:44801652-44802199;chr21:44949820-44950025
C00202	3	chr10	662481	distal:2;proximal:1	ENSG00000283913	0.130931	0.189582	0	0	1.0	.	chr10:79242740-79242923;chr10:79490559-79490768;chr10:79904699-79905221
C00203	3	chrX	335559	distal:1;proximal:2	CCNQ;ZNF275	0.051399	0.120328	1.24343e-05	0.0014836	1.0	.	chrX:153333958-153334299;chrX:153599122-153599669;chrX:153669366-153669517
C00204	3	chr5	632239	distal:2;proximal:1	ENC1	0.098222	0.233331	1.11022e-16	2.61359e-14	1.0	.	chr5:74167517-74167887;chr5:74640836-74641367;chr5:74799606-74799756
C00205	3	chr15	140507	distal:1;proximal:2	AP3B2;WHAMM	0.235175	0.390406	0	0	1.0	.	chr15:82709385-82709665;chr15:82809372-82810091;chr15:82849684-82849892
C00206	3	chr12	627770	distal:3;proximal:0	.	0.138106	0.151979	0	0	1.0	.	chr12:56590234-56590544;chr12:57062699-57062883;chr12:57217837-57218004
C00207	3	chr7	317974	distal:3;proximal:0	.	0.07226	0.188574	1.02822e-09	1.705e-07	1.0	.	chr7:102286712-102286879;chr7:102352370-102352581;chr7:102604394-102604686
C00208	3	chr22	520504	distal:3;proximal:0	.	0.042223	0.153368	0.000297103	0.0299713	1.0	.	chr22:37832979-37833129;chr22:38283476-38283631;chr22:38353197-38353483
C00209	3	chr10	465255	distal:2;proximal:1	PPRC1	0.106095	0.19764	0	0	1.0	.	chr10:101667869-101668195;chr10:101857028-101857236;chr10:102132814-102133124
C00210	3	chr20	760340	distal:2;proximal:1	BMP7;ENSG00000226308	0.067218	0.098904	1.32031e-08	2.02227e-06	1.0	.	chr20:56541603-56541829;chr20:57265744-57266055;chr20:57301793-57301943
C00211	3	chr22	305150	distal:2;proximal:1	HIC2	0.049716	0.065039	2.32448e-05	0.00269764	1.0	.	chr22:21112568-21112735;chr22:21251964-21252287;chr22:21417533-21417718
C00212	3	chr7	442790	distal:0;proximal:3	SLC12A9-AS1;TFR2;TRIM56	0.045242	0.175831	0.000111503	0.0119156	1.0	.	chr7:100642691-100642845;chr7:100852556-100852747;chr7:101085244-101085481
C00213	3	chr7	868551	distal:2;proximal:1	PRKAG2;PRKAG2-AS1	0.046503	0.074995	7.26764e-05	0.0079662	1.0	.	chr7:151009234-151009451;chr7:151113343-151113503;chr7:151877143-151877785
C00214	3	chr22	456287	distal:2;proximal:1	PI4KA;SNAP29	0.04163	0.091222	0.000357542	0.0356945	1.0	.	chr22:20418240-20418624;chr22:20858249-20858607;chr22:20874358-20874527
C00215	3	chr2	712896	distal:2;proximal:1	CYP27C1	0.098212	0.10621	1.11022e-16	2.61359e-14	1.0	.	chr2:126657508-126658123;chr2:127220066-127220453;chr2:127370074-127370404
C00216	3	chr19	895741	distal:2;proximal:1	CSNK1G2	0.11142	0.137664	0	0	1.0	.	chr19:1044826-1045628;chr19:1260844-1261122;chr19:1940211-1940567
C00217	3	chr13	193184	distal:3;proximal:0	.	0.155861	0.294292	0	0	1.0	.	chr13:69767215-69767365;chr13:69871368-69871526;chr13:69960230-69960399
C00218	3	chr19	604122	distal:2;proximal:1	SNAPC2	0.047029	0.100617	6.06064e-05	0.00669952	1.0	.	chr19:7605019-7605251;chr19:7920283-7921051;chr19:8208954-8209141
C00219	3	chr19	543437	distal:2;proximal:1	NOSIP;PRR12	0.042985	0.122923	0.000233377	0.0238797	1.0	.	chr19:49591046-49591228;chr19:49890113-49890698;chr19:50134207-50134483
C00220	3	chr19	524636	distal:3;proximal:0	.	0.071875	0.172816	1.25781e-09	2.07175e-07	1.0	.	chr19:49890113-49890698;chr19:50134207-50134483;chr19:50414490-50414749
C00221	3	chr1	482125	distal:2;proximal:1	PIK3C2B	0.047375	0.068218	5.37161e-05	0.00598563	1.0	.	chr1:204493809-204494195;chr1:204806961-204807420;chr1:204975784-204975934
C00222	3	chr1	482125	distal:1;proximal:2	ENSG00000287197;NFASC;PIK3C2B	0.064173	0.100501	5.65678e-08	8.273e-06	1.0	.	chr1:204493809-204494195;chr1:204828479-204828982;chr1:204975784-204975934
C00223	3	chr19	437038	distal:3;proximal:0	.	0.072227	0.101201	1.04604e-09	1.73351e-07	1.0	.	chr19:17303290-17303657;chr19:17657286-17657436;chr19:17740173-17740328
C00224	3	chr17	458776	distal:2;proximal:1	FAM117A;KAT7	0.060587	0.07645	2.88507e-07	4.00227e-05	1.0	.	chr17:49567926-49568339;chr17:49788334-49788763;chr17:50026522-50026702
C00225	3	chrX	265695	distal:2;proximal:1	MAP3K15	0.10372	0.14136	0	0	1.0	.	chrX:19382668-19382994;chrX:19515085-19515351;chrX:19648160-19648363
C00226	3	chr9	611354	distal:3;proximal:0	.	0.058138	0.183628	8.33274e-07	0.000111101	1.0	.	chr9:87032031-87032181;chr9:87443878-87444028;chr9:87643235-87643385
C00227	3	chr1	714659	distal:2;proximal:1	SERTAD4	0.066401	0.114886	1.96368e-08	2.96303e-06	1.0	.	chr1:209692984-209693163;chr1:210232479-210232874;chr1:210407276-210407643
C00228	3	chr2	202796	distal:0;proximal:3	ENSG00000259080;PPM1G;ZNF512;ZNF513	0.049175	0.079358	2.83054e-05	0.00325866	1.0	.	chr2:27380337-27380935;chr2:27409280-27410015;chr2:27582689-27583133
C00229	3	chr6	651836	distal:2;proximal:1	SMAP1	0.074761	0.169014	2.71157e-10	4.65233e-08	1.0	.	chr6:70187919-70188069;chr6:70667622-70668707;chr6:70839605-70839755
C00230	3	chr11	537546	distal:2;proximal:1	BET1L;RIC8A	0.054262	0.063383	4.10005e-06	0.000513478	1.0	.	chr11:207353-208004;chr11:728132-728488;chr11:744725-744899
C00231	3	chr1	438888	distal:1;proximal:2	B4GALT3;ENSG00000289141	0.074019	0.138604	4.04622e-10	6.87197e-08	1.0	.	chr1:160951486-160951710;chr1:161176937-161177119;chr1:161389656-161390374
C00232	3	chr6	134066	distal:1;proximal:2	TEAD3	0.094751	0.198246	1.33227e-15	3.00112e-13	1.0	.	chr6:35363168-35363647;chr6:35496379-35496738;chr6:35497032-35497234
C00233	3	chr16	451556	distal:2;proximal:1	SRRM2;SRRM2-AS1	0.149839	0.314115	0	0	1.0	.	chr16:2751947-2753055;chr16:3189294-3189626;chr16:3203163-3203503
C00234	3	chr3	310309	distal:0;proximal:3	EMC3;ENSG00000206567;ENSG00000291078;FANCD2;SEC13	0.040818	0.136013	0.000458965	0.0451446	1.0	.	chr3:10011048-10011385;chr3:10026236-10026723;chr3:10320929-10321357
C00235	3	chr19	688456	distal:1;proximal:2	ENSG00000267372;POLRMT	0.040494	0.073436	0.000506448	0.0494986	1.0	.	chr19:1019960-1020113;chr19:1320880-1321067;chr19:632611-632775
C00236	3	chr19	60560	distal:0;proximal:3	CCDC106;ZNF579;ZNF865	0.055424	0.075429	2.57132e-06	0.000328107	1.0	.	chr19:55580778-55581098;chr19:55604974-55605742;chr19:55641188-55641338
C00237	3	chr19	67802	distal:3;proximal:0	.	0.073241	0.090923	6.13019e-10	1.02961e-07	1.0	.	chr19:48737723-48737882;chr19:48795107-48795358;chr19:48805339-48805525
C00238	3	chr19	462632	distal:3;proximal:0	.	0.042577	0.076896	0.000265675	0.0269559	1.0	.	chr19:48332726-48333281;chr19:48737723-48737882;chr19:48795107-48795358
C00239	3	chr1	699314	distal:3;proximal:0	.	0.083608	0.132593	1.7002e-12	3.28146e-10	1.0	.	chr1:100539686-100539841;chr1:100794798-100795175;chr1:101238777-101239000
C00240	3	chr19	774120	distal:1;proximal:2	AP2S1;IGFL4	0.050952	0.112789	1.47094e-05	0.0017423	1.0	.	chr19:46076998-46077153;chr19:46416431-46416722;chr19:46850535-46851118
C00241	3	chr9	660447	distal:2;proximal:1	FOCAD	0.061941	0.122447	1.57567e-07	2.2308e-05	1.0	.	chr9:20658216-20658782;chr9:20708573-20708723;chr9:21318289-21318663
C00242	3	chr11	444231	distal:2;proximal:1	MRPL48	0.05881	0.186185	6.25381e-07	8.43162e-05	1.0	.	chr11:73661023-73661296;chr11:73788542-73788757;chr11:74105104-74105254
C00243	3	chr14	585068	distal:2;proximal:1	ATG14	0.112549	0.170321	0	0	1.0	.	chr14:54826914-54827219;chr14:55015289-55015597;chr14:55411703-55411982
C00244	3	chr13	526802	distal:3;proximal:0	.	0.160718	0.306138	0	0	1.0	.	chr13:93937619-93937796;chr13:94038896-94039082;chr13:94464003-94464421
C00245	3	chr10	822571	distal:2;proximal:1	ENSG00000282952	0.041389	0.165997	0.000385237	0.0382766	1.0	.	chr10:78552341-78552491;chr10:78852985-78853142;chr10:79374654-79374912
C00246	3	chrX	319537	distal:2;proximal:1	HCFC1	0.042922	0.050698	0.000238068	0.0243216	1.0	.	chrX:153651902-153652117;chrX:153824708-153824877;chrX:153971148-153971439
C00247	3	chr15	771799	distal:3;proximal:0	.	0.041414	0.062824	0.000382229	0.0379947	1.0	.	chr15:70062426-70062944;chr15:70467041-70467210;chr15:70833992-70834225
C00248	3	chr1	689663	distal:2;proximal:1	SIKE1	0.120794	0.141722	0	0	1.0	.	chr1:114780279-114780927;chr1:114886007-114886201;chr1:115469776-115469942
C00249	3	chr8	357167	distal:1;proximal:2	REEP4;SLC39A14	0.084403	0.155161	1.04905e-12	2.04646e-10	1.0	.	chr8:22010225-22010447;chr8:22141174-22141426;chr8:22366918-22367392
C00250	3	chr1	353846	distal:1;proximal:2	ENSG00000289103;RUSC1-AS1	0.048134	0.158717	4.11043e-05	0.00464523	1.0	.	chr1:154970759-154970934;chr1:155001061-155001215;chr1:155324091-155324605
C00251	3	chr1	353846	distal:2;proximal:1	RUSC1-AS1	0.051509	0.149968	1.19265e-05	0.00142533	1.0	.	chr1:154970759-154970934;chr1:155091490-155091740;chr1:155324091-155324605
C00252	3	chr11	898318	distal:0;proximal:3	ACTN3;CORO1B;ENSG00000274251;ZDHHC24	0.046118	0.048526	8.29169e-05	0.00902705	1.0	.	chr11:66545932-66546323;chr11:67353465-67353873;chr11:67443939-67444250
C00253	3	chr2	621865	distal:3;proximal:0	.	0.041007	0.059305	0.000433273	0.0427464	1.0	.	chr2:158722987-158723137;chr2:158995802-158995957;chr2:159344690-159344852
C00254	3	chr19	203811	distal:2;proximal:1	ATP8B3	0.052189	0.0941	9.20544e-06	0.0011131	1.0	.	chr19:1812270-1813155;chr19:1837709-1837887;chr19:2015684-2016081
C00255	3	chr15	857004	distal:2;proximal:1	NRG4;TMEM266	0.12976	0.178304	0	0	1.0	.	chr15:76059691-76060091;chr15:76732447-76732649;chr15:76916486-76916695
C00256	3	chr9	694627	distal:3;proximal:0	.	0.284215	0.414181	0	0	1.0	.	chr9:131558243-131558393;chr9:131981614-131981770;chr9:132252493-132252870
C00257	3	chr12	565936	distal:2;proximal:1	NAB2;NEMP1	0.087346	0.146531	1.68754e-13	3.44171e-11	1.0	.	chr12:56630271-56630487;chr12:57088445-57089097;chr12:57195890-57196207
C00258	3	chr4	310083	distal:3;proximal:0	.	0.043851	0.238159	0.000176514	0.0183443	1.0	.	chr4:87019482-87019709;chr4:87073724-87073900;chr4:87329406-87329565
C00259	3	chr7	546078	distal:2;proximal:1	PAXIP1;PAXIP1-DT	0.041202	0.064668	0.000408026	0.0404032	1.0	.	chr7:155002449-155003182;chr7:155190684-155190919;chr7:155548218-155548527
C00260	3	chr19	706897	distal:3;proximal:0	.	0.150379	0.231716	0	0	1.0	.	chr19:47013029-47013479;chr19:47241154-47241320;chr19:47719744-47719926
C00261	3	chr1	63348	distal:1;proximal:2	ENSG00000225886;ENSG00000287244;FAM76A	0.045641	0.080658	9.74824e-05	0.0104962	1.0	.	chr1:27663222-27663437;chr1:27669242-27669435;chr1:27726224-27726570
C00262	3	chr1	199744	distal:2;proximal:1	ENSG00000287244;FAM76A	0.102356	0.136537	0	0	1.0	.	chr1:27526826-27527021;chr1:27663222-27663437;chr1:27726224-27726570
C00263	3	chr20	606319	distal:2;proximal:1	MMP24OS	0.098089	0.196348	1.11022e-16	2.61359e-14	1.0	.	chr20:35277510-35278229;chr20:35584010-35584261;chr20:35883594-35883829
C00264	3	chr20	328440	distal:2;proximal:1	FAM110A	0.080082	0.158618	1.37206e-11	2.52371e-09	1.0	.	chr20:645579-646018;chr20:833485-833953;chr20:973803-974019
C00265	3	chr6	812815	distal:2;proximal:1	PEX6	0.057754	0.10065	9.80486e-07	0.000129792	1.0	.	chr6:42166578-42166742;chr6:42946386-42946536;chr6:42979141-42979393
C00266	3	chr19	437730	distal:0;proximal:3	ENSG00000268055;ENSG00000287271;FBXO17;NFKBIB;SIRT2	0.046484	0.119039	7.31546e-05	0.00801702	1.0	.	chr19:38537867-38538092;chr19:38899417-38900277;chr19:38975438-38975597
C00267	3	chr3	12977	distal:1;proximal:2	IFRD2;LSMEM2	0.063985	0.163244	6.1733e-08	8.99641e-06	1.0	.	chr3:50279844-50280039;chr3:50291734-50291928;chr3:50292272-50292821
C00268	3	chrX	367903	distal:3;proximal:0	.	0.149654	0.211518	0	0	1.0	.	chrX:48696253-48697102;chrX:49018365-49018565;chrX:49064006-49064156
C00269	3	chrX	367903	distal:2;proximal:1	TIMM17B	0.096513	0.159665	3.33067e-16	7.71294e-14	1.0	.	chrX:48696253-48697102;chrX:48898107-48898343;chrX:49064006-49064156
C00270	3	chr22	836658	distal:3;proximal:0	.	0.114342	0.224003	0	0	1.0	.	chr22:31080818-31081045;chr22:31081135-31081558;chr22:31917180-31917476
C00271	3	chr2	726135	distal:0;proximal:3	CENPA;HADHA;MAPRE3;SLC35F6	0.050961	0.131501	1.46617e-05	0.00173721	1.0	.	chr2:26244567-26245025;chr2:26764153-26764342;chr2:26970464-26970702
C00272	3	chr12	460267	distal:3;proximal:0	.	0.083836	0.101253	1.48115e-12	2.87019e-10	1.0	.	chr12:121352012-121352618;chr12:121443295-121443578;chr12:121811716-121812279
C00273	3	chr17	583354	distal:3;proximal:0	.	0.063984	0.134288	6.17777e-08	9.00174e-06	1.0	.	chr17:18563788-18564399;chr17:19031767-19032379;chr17:19146924-19147142
C00274	3	chr1	398239	distal:3;proximal:0	.	0.081138	0.131099	7.41207e-12	1.38496e-09	1.0	.	chr1:58417278-58417428;chr1:58779905-58780197;chr1:58815230-58815517
C00275	3	chr6	261965	distal:3;proximal:0	.	0.057849	0.06326	9.41686e-07	0.00012488	1.0	.	chr6:16286208-16286391;chr6:16491161-16491424;chr6:16547956-16548173
C00276	3	chr11	784935	distal:1;proximal:2	GAL;KMT5B	0.059318	0.106165	5.02443e-07	6.82228e-05	1.0	.	chr11:68213607-68213857;chr11:68684419-68684628;chr11:68998392-68998542
C00277	3	chr3	468728	distal:2;proximal:1	SLC25A36	0.043418	0.052318	0.00020309	0.0209432	1.0	.	chr3:140941520-140941978;chr3:141077072-141077481;chr3:141409951-141410248
C00278	3	chr9	961440	distal:3;proximal:0	.	0.048688	0.217121	3.37349e-05	0.00385369	1.0	.	chr9:19517642-19517820;chr9:20306335-20306485;chr9:20478862-20479082
C00279	3	chr9	944906	distal:2;proximal:1	ENSG00000228395;SPTAN1	0.044116	0.159845	0.000161859	0.0169054	1.0	.	chr9:128552034-128552768;chr9:128887876-128888026;chr9:129496790-129496940
C00280	3	chr11	857823	distal:3;proximal:0	.	0.044698	0.115376	0.000133647	0.0141158	1.0	.	chr11:61567218-61567805;chr11:61715968-61716118;chr11:62424819-62425041
C00281	3	chr11	209606	distal:3;proximal:0	.	0.046379	0.078928	7.58419e-05	0.00829348	1.0	.	chr11:61567218-61567805;chr11:61715968-61716118;chr11:61776612-61776824
C00282	3	chr12	376458	distal:2;proximal:1	ENSG00000255992;PUS1	0.043085	0.118884	0.000226041	0.0231805	1.0	.	chr12:131865177-131865327;chr12:131928478-131928628;chr12:132241246-132241635
C00283	3	chr22	92375	distal:2;proximal:1	MCM5	0.094889	0.165791	1.22125e-15	2.75551e-13	1.0	.	chr22:35399818-35400160;chr22:35444526-35444676;chr22:35491520-35492193
C00284	3	chr6	543736	distal:3;proximal:0	.	0.059815	0.263302	4.04808e-07	5.54414e-05	1.0	.	chr6:132798441-132798591;chr6:132799795-132799945;chr6:133341978-133342177
C00285	3	chr12	109105	distal:2;proximal:1	FKBP4	0.044226	0.093507	0.000156146	0.0163472	1.0	.	chr12:2794826-2795182;chr12:2853694-2853869;chr12:2903781-2903931
C00286	3	chr16	719825	distal:1;proximal:2	CORO1A;ITGAL	0.186251	0.250547	0	0	1.0	.	chr16:30182860-30183159;chr16:30473200-30473388;chr16:30902450-30902685
C00287	3	chr21	282695	distal:3;proximal:0	.	0.107474	0.132881	0	0	1.0	.	chr21:37282112-37282295;chr21:37338963-37339487;chr21:37564472-37564807
C00288	3	chr19	483114	distal:2;proximal:1	ZNF791	0.094464	0.198505	1.55431e-15	3.49136e-13	1.0	.	chr19:12239181-12239331;chr19:12611356-12611547;chr19:12722055-12722295
C00289	3	chr2	105608	distal:2;proximal:1	ILKAP	0.047178	0.253014	5.75318e-05	0.00637811	1.0	.	chr2:238098305-238098722;chr2:238107316-238107466;chr2:238203599-238203913
C00290	3	chr19	636254	distal:1;proximal:2	FSD1;MAP2K2	0.200211	0.240953	0	0	1.0	.	chr19:4124008-4124372;chr19:4304407-4304741;chr19:4759840-4760262
C00291	3	chr19	809126	distal:2;proximal:1	SBNO2	0.110826	0.135263	0	0	1.0	.	chr19:1044526-1044676;chr19:1174148-1174432;chr19:1853370-1853652
C00292	3	chr11	610830	distal:1;proximal:2	PNPLA2;TALDO1	0.071583	0.122573	1.46368e-09	2.39801e-07	1.0	.	chr11:208777-208974;chr11:747253-747543;chr11:819394-819607
C00293	3	chr1	386508	distal:0;proximal:3	ANGEL2;LINC02773;RPS6KC1	0.052833	0.17016	7.18467e-06	0.000878533	1.0	.	chr1:212665292-212665792;chr1:213016053-213016203;chr1:213051125-213051800
C00294	3	chr16	218922	distal:1;proximal:2	ZNF174;ZNF200;ZSCAN32	0.064765	0.129596	4.28366e-08	6.3191e-06	1.0	.	chr16:3182708-3183088;chr16:3235019-3235570;chr16:3400663-3401630
C00295	3	chr17	744033	distal:2;proximal:1	ENSG00000289453	0.050847	0.155917	1.52964e-05	0.00180874	1.0	.	chr17:20531998-20532292;chr17:20908375-20908903;chr17:21275383-21276031
C00296	3	chr19	746413	distal:3;proximal:0	.	0.05922	0.096833	5.2433e-07	7.10814e-05	1.0	.	chr19:47520944-47521219;chr19:47781739-47781915;chr19:48267057-48267357
C00297	3	chr19	473901	distal:0;proximal:3	CADM4;ENSG00000267022;ZNF222;ZNF222-DT;ZNF225-AS1	0.061235	0.158489	2.16318e-07	3.02967e-05	1.0	.	chr19:43639808-43640240;chr19:44025129-44025412;chr19:44112851-44113709
C00298	3	chr9	723349	distal:2;proximal:1	MIGA2	0.093443	0.097357	3.10862e-15	6.8988e-13	1.0	.	chr9:129036307-129036967;chr9:129737605-129737853;chr9:129759440-129759656
C00299	3	chr19	526554	distal:1;proximal:2	ZNF555;ZNF57	0.087607	0.175515	1.43108e-13	2.92782e-11	1.0	.	chr19:2841012-2841553;chr19:2900529-2901249;chr19:3367389-3367566
C00300	3	chr19	573220	distal:1;proximal:2	FAM174C;REXO1	0.061501	0.074947	1.92067e-07	2.70232e-05	1.0	.	chr19:1275711-1276038;chr19:1774844-1775139;chr19:1848295-1848931
C00301	3	chr11	553667	distal:2;proximal:1	SLC35C1	0.051945	0.171323	1.01054e-05	0.00121741	1.0	.	chr11:45251518-45251668;chr11:45624437-45624587;chr11:45804585-45805185
C00302	3	chr22	835082	distal:1;proximal:2	EP300;TNFRSF13C	0.195221	0.27662	0	0	1.0	.	chr22:41091345-41091960;chr22:41413126-41413713;chr22:41926151-41926427
C00303	3	chr2	930240	distal:1;proximal:2	CNOT9;ENSG00000268603;GMPPA;USP37	0.112797	0.169735	0	0	1.0	.	chr2:218568730-218569013;chr2:219441918-219442081;chr2:219498435-219498970
C00304	3	chr1	506163	distal:3;proximal:0	.	0.045042	0.172051	0.000119179	0.0126832	1.0	.	chr1:31431776-31432163;chr1:31937400-31937675;chr1:31937740-31937939
C00305	3	chr5	728177	distal:3;proximal:0	.	0.043992	0.045742	0.00016857	0.0175616	1.0	.	chr5:122720870-122721139;chr5:123399613-123399832;chr5:123448897-123449047
C00306	3	chr19	116811	distal:1;proximal:2	GADD45B;TIMM13	0.098527	0.163135	1.11022e-16	2.61359e-14	1.0	.	chr19:2427097-2427307;chr19:2475938-2476231;chr19:2543500-2543908
C00307	3	chr1	527442	distal:1;proximal:2	DSTYK	0.062793	0.08772	1.07032e-07	1.53158e-05	1.0	.	chr1:205210998-205211318;chr1:205211421-205211852;chr1:205738286-205738440
C00308	3	chr1	252603	distal:2;proximal:1	RUSC1-AS1	0.04324	0.153115	0.000215082	0.0221222	1.0	.	chr1:155070963-155071128;chr1:155126190-155126660;chr1:155323097-155323566
C00309	3	chr1	295716	distal:3;proximal:0	.	0.056489	0.075623	1.66228e-06	0.00021584	1.0	.	chr1:147743965-147744115;chr1:148038452-148039036;chr1:148039453-148039681
C00310	3	chr9	454966	distal:2;proximal:1	ENSG00000228395;SPTAN1	0.109241	0.2454	0	0	1.0	.	chr9:128552034-128552768;chr9:128887876-128888026;chr9:129006822-129007000
C00311	3	chr22	624167	distal:1;proximal:2	SCARF2;ZNF74	0.042037	0.101776	0.000314981	0.031694	1.0	.	chr22:19813016-19813192;chr22:20393918-20394477;chr22:20437006-20437183
C00312	3	chr16	448717	distal:0;proximal:3	RANBP10;THAP11;TPPP3;TSNAXIP1	0.048807	0.095629	3.23205e-05	0.00369975	1.0	.	chr16:67393383-67393714;chr16:67806469-67807323;chr16:67841832-67842100
C00313	3	chr1	803470	distal:2;proximal:1	C1orf56	0.050216	0.074714	1.93385e-05	0.0022647	1.0	.	chr1:151048551-151048775;chr1:151511103-151511935;chr1:151851701-151852021
C00314	3	chr10	861906	distal:1;proximal:2	ARMH3;CNNM2;ENSG00000286575	0.211446	0.251772	0	0	1.0	.	chr10:102055819-102056437;chr10:102088540-102088999;chr10:102917574-102917725
C00315	3	chr7	260863	distal:2;proximal:1	ENSG00000289346;ENSG00000290833	0.054327	0.080888	3.99519e-06	0.000500969	1.0	.	chr7:74890175-74891157;chr7:75105920-75106286;chr7:75150730-75151038
C00316	3	chr12	945538	distal:2;proximal:1	ENSG00000256028;OGFOD2	0.045699	0.08424	9.55964e-05	0.0103112	1.0	.	chr12:122029307-122029457;chr12:122190961-122191154;chr12:122974569-122974845
C00317	3	chr12	675006	distal:2;proximal:1	EMG1;ENSG00000290146;PHB2	0.049146	0.133559	2.86059e-05	0.00328949	1.0	.	chr12:6296046-6296196;chr12:6613058-6613267;chr12:6970580-6971052
C00318	3	chr7	417174	distal:2;proximal:1	ENSG00000286938;NYAP1	0.04851	0.054725	3.5949e-05	0.00409143	1.0	.	chr7:100094262-100094412;chr7:100483815-100483969;chr7:100511209-100511436
C00319	3	chr6	416776	distal:3;proximal:0	.	0.083218	0.248967	2.15206e-12	4.13054e-10	1.0	.	chr6:161286892-161287096;chr6:161656082-161656232;chr6:161703455-161703668
C00320	3	chr19	155121	distal:2;proximal:1	ZNF791	0.055617	0.06388	2.37684e-06	0.00030466	1.0	.	chr19:12611356-12611547;chr19:12722601-12722911;chr19:12765986-12766477
C00321	3	chr22	491104	distal:2;proximal:1	L3MBTL2	0.044732	0.059041	0.000132135	0.0139667	1.0	.	chr22:41021921-41022112;chr22:41205061-41205396;chr22:41512865-41513025
C00322	3	chr10	826793	distal:1;proximal:2	EIF3A;ENSG00000289126;PRDX3	0.063872	0.175794	6.50804e-08	9.47052e-06	1.0	.	chr10:119081303-119081457;chr10:119178719-119178975;chr10:119907870-119908096
C00323	3	chrX	714317	distal:1;proximal:2	CCDC22;EBP;ENSG00000286268	0.091029	0.095975	1.57652e-14	3.392e-12	1.0	.	chrX:48521594-48522111;chrX:48597318-48597597;chrX:49235397-49235911
C00324	3	chr22	115190	distal:2;proximal:1	PPARA	0.044913	0.065603	0.000124424	0.0132084	1.0	.	chr22:46035637-46036570;chr22:46071545-46071750;chr22:46150677-46150827
C00325	3	chr14	126955	distal:2;proximal:1	ARID4A;ARMH4;PSMA3-AS1	0.050381	0.089781	1.81935e-05	0.00213536	1.0	.	chr14:58171032-58171346;chr14:58224843-58225011;chr14:58297782-58297987
C00326	3	chr13	706182	distal:0;proximal:3	ABCC4;TGDS	0.041331	0.109292	0.000392213	0.0389383	1.0	.	chr13:94595711-94595951;chr13:94596038-94596472;chr13:95301368-95301893
C00327	3	chr16	585399	distal:2;proximal:1	HSD3B7	0.059666	0.114426	4.31959e-07	5.90067e-05	1.0	.	chr16:30400112-30400842;chr16:30775896-30776096;chr16:30985023-30985511
C00328	3	chr19	848714	distal:2;proximal:1	BCKDHA;EXOSC5	0.178486	0.212024	0	0	1.0	.	chr19:40549248-40549529;chr19:40715035-40715206;chr19:41397720-41397962
C00329	3	chr19	821208	distal:0;proximal:3	ENSG00000267022;NECTIN2;ZNF222;ZNF222-DT;ZNF225-AS1	0.047498	0.144201	5.1444e-05	0.00574574	1.0	.	chr19:44025129-44025412;chr19:44112851-44113709;chr19:44845610-44846337
C00330	3	chr19	573410	distal:1;proximal:2	LHB;NOSIP;PRR12	0.042225	0.066308	0.000296888	0.0299551	1.0	.	chr19:49017818-49018204;chr19:49403501-49404302;chr19:49591046-49591228
C00331	3	chr9	75846	distal:1;proximal:2	C9orf40;CARNMT1;CARNMT1-AS1	0.07908	0.0828	2.44432e-11	4.43633e-09	1.0	.	chr9:74952265-74953045;chr9:74959300-74959462;chr9:75027860-75028111
C00332	3	chr1	785676	distal:1;proximal:2	FAM131C;FBXO42;SZRD1	0.053817	0.129198	4.88943e-06	0.000607462	1.0	.	chr1:16073489-16073783;chr1:16352190-16352892;chr1:16859015-16859165
C00333	3	chr5	246113	distal:3;proximal:0	.	0.061493	0.246429	1.92762e-07	2.71141e-05	1.0	.	chr5:154159413-154159563;chr5:154352604-154352754;chr5:154405283-154405526
C00334	3	chr6	319488	distal:3;proximal:0	.	0.135259	0.247057	0	0	1.0	.	chr6:27785323-27785473;chr6:27791285-27791472;chr6:28104418-28104811
C00335	3	chr14	503372	distal:2;proximal:1	AHNAK2	0.109587	0.126842	0	0	1.0	.	chr14:104978077-104978558;chr14:105045710-105045994;chr14:105480812-105481449
C00336	3	chr5	332722	distal:2;proximal:1	CLTB	0.053174	0.084731	6.29097e-06	0.000773866	1.0	.	chr5:176416435-176417012;chr5:176573901-176574299;chr5:176748775-176749157
C00337	3	chr5	323318	distal:1;proximal:2	HDAC3;PCDH1;RELL2	0.106786	0.149972	0	0	1.0	.	chr5:141637736-141637898;chr5:141878123-141878523;chr5:141960840-141961054
C00338	3	chr19	163499	distal:2;proximal:1	PRMT1	0.042992	0.050546	0.000232869	0.0238344	1.0	.	chr19:49513033-49513248;chr19:49534056-49534481;chr19:49676257-49676532
C00339	3	chr19	832279	distal:2;proximal:1	ISYNA1	0.113622	0.149457	0	0	1.0	.	chr19:17605730-17606797;chr19:18410682-18410832;chr19:18437827-18438009
C00340	3	chr1	618244	distal:1;proximal:2	EFNA1;KRTCAP2;TRIM46	0.0834	0.134847	1.92801e-12	3.70952e-10	1.0	.	chr1:155127596-155127965;chr1:155173156-155173546;chr1:155745318-155745840
C00341	3	chr1	696087	distal:2;proximal:1	RNF11	0.05746	0.099302	1.10971e-06	0.000146164	1.0	.	chr1:51236142-51236365;chr1:51729282-51730201;chr1:51932045-51932229
C00342	3	chr12	589991	distal:1;proximal:2	BCDIN3D;SMARCD1	0.045625	0.056448	9.79959e-05	0.0105474	1.0	.	chr12:49842777-49843282;chr12:50084959-50085858;chr12:50432572-50432768
C00343	3	chr1	729954	distal:3;proximal:0	.	0.178262	0.179968	0	0	1.0	.	chr1:63173130-63173637;chr1:63836921-63837119;chr1:63902933-63903084
C00344	3	chr2	51785	distal:0;proximal:3	ANKZF1;ATG9A;CNPPD1	0.117028	0.215563	0	0	1.0	.	chr2:219178086-219178709;chr2:219229253-219229483;chr2:219229571-219229871
C00345	3	chr16	540202	distal:1;proximal:2	HSD3B7;SEPHS2	0.050204	0.092535	1.94293e-05	0.00227485	1.0	.	chr16:30445309-30445974;chr16:30775896-30776096;chr16:30985023-30985511
C00346	3	chr9	577169	distal:1;proximal:2	C9orf78;TOR1B;USP20	0.062551	0.081509	1.19531e-07	1.70406e-05	1.0	.	chr9:129258359-129258789;chr9:129802959-129803554;chr9:129835105-129835528
C00347	3	chr19	395221	distal:1;proximal:2	APBA3;FZR1;MRPL54	0.073053	0.104383	6.77145e-10	1.13405e-07	1.0	.	chr19:3366905-3367288;chr19:3505795-3506385;chr19:3761922-3762126
C00348	3	chr9	551094	distal:2;proximal:1	UAP1L1	0.087806	0.186708	1.26121e-13	2.59082e-11	1.0	.	chr9:136526418-136526568;chr9:137068278-137068456;chr9:137077283-137077512
C00349	3	chr6	516379	distal:1;proximal:2	H4C1;HMGN4	0.043864	0.058008	0.000175738	0.0182671	1.0	.	chr6:26021380-26021881;chr6:26341504-26342121;chr6:26537317-26537759
C00350	3	chr4	670309	distal:3;proximal:0	.	0.052098	0.28257	9.53202e-06	0.00115058	1.0	.	chr4:172611166-172611435;chr4:172832542-172832692;chr4:173281274-173281475
C00351	3	chr1	738648	distal:1;proximal:2	PHACTR4;RPA2	0.046286	0.092092	7.82994e-05	0.00854702	1.0	.	chr1:27631923-27632134;chr1:27914455-27915222;chr1:28369492-28370571
C00352	3	chr7	850930	distal:2;proximal:1	ENSG00000290065	0.274622	0.342722	0	0	1.0	.	chr7:42038176-42038326;chr7:42493925-42494147;chr7:42888956-42889106
C00353	3	chr7	412515	distal:3;proximal:0	.	0.05333	0.088133	5.91923e-06	0.000730001	1.0	.	chr7:102278444-102278594;chr7:102496498-102497066;chr7:102690700-102690959
C00354	3	chr8	419904	distal:0;proximal:3	ADCK5;RPL8;ZNF34	0.069614	0.087755	4.01411e-09	6.39124e-07	1.0	.	chr8:144372713-144373101;chr8:144786713-144787092;chr8:144792384-144792617
C00355	3	chr1	476370	distal:2;proximal:1	ENSG00000290115	0.050955	0.06418	1.46929e-05	0.00174053	1.0	.	chr1:160951486-160951710;chr1:161166991-161167156;chr1:161427677-161427856
