tf	method	vs_HiTAG_macs2	vs_HiTAG_aggregate	vs_bulk	vs_Chromnitron_pred1	vs_Chromnitron_pred2
MAZ	pearson	0.6488	0.6534	0.6104	0.2812	0.5185
MAZ	spearman	0.8142	0.8144	0.3816	0.2080	0.2865
ZBTB7A	pearson	0.7096	0.7128	0.5360	0.4570	0.6185
ZBTB7A	spearman	0.8745	0.8783	0.4210	0.3848	0.4565
ZIC2	pearson	0.7095	0.7138	0.5033	nan	nan
ZIC2	spearman	0.8629	0.8624	0.4144	nan	nan
ZNF777	pearson	0.6418	0.6484	0.4096	0.1793	0.5402
ZNF777	spearman	0.8500	0.8573	0.3202	0.1074	0.2407
ZNF282	pearson	0.7432	0.7466	0.4340	0.3544	0.4852
ZNF282	spearman	0.8597	0.8548	0.3503	0.2693	0.3411
NFYA	pearson	0.7677	0.7691	0.5340	0.1794	0.4854
NFYA	spearman	0.8941	0.8985	0.5347	0.1133	0.3471
