track	Chromnitron_pred1	Chromnitron_pred2	ENCODE	GSE103651	293Tcon1	HiTAG_weight	HiTAG_macs2	HiTAG_aggregate	Imputed_log1p	Imputed_aggregate_log1p
Chromnitron_pred1	1.0000	0.6765	0.5408	0.5719	0.4439	0.2051	0.2302	0.2349	0.2262	0.2074
Chromnitron_pred2	0.6765	1.0000	0.6735	0.6969	0.6112	0.2526	0.2840	0.2890	0.3146	0.3108
ENCODE	0.5408	0.6735	1.0000	0.7614	0.6728	0.3253	0.3566	0.3643	0.3836	0.3652
GSE103651	0.5719	0.6969	0.7614	1.0000	0.6599	0.4359	0.4807	0.4921	0.4883	0.4435
293Tcon1	0.4439	0.6112	0.6728	0.6599	1.0000	0.4062	0.4508	0.4504	0.4608	0.4636
HiTAG_weight	0.2051	0.2526	0.3253	0.4359	0.4062	1.0000	0.8733	0.8879	0.7214	0.6343
HiTAG_macs2	0.2302	0.2840	0.3566	0.4807	0.4508	0.8733	1.0000	0.9840	0.8144	0.6909
HiTAG_aggregate	0.2349	0.2890	0.3643	0.4921	0.4504	0.8879	0.9840	1.0000	0.8115	0.7042
Imputed_log1p	0.2262	0.3146	0.3836	0.4883	0.4608	0.7214	0.8144	0.8115	1.0000	0.9002
Imputed_aggregate_log1p	0.2074	0.3108	0.3652	0.4435	0.4636	0.6343	0.6909	0.7042	0.9002	1.0000
